mae,shd,runtime
4.944595976588391e-05,3,0.21526503562927246
