mae,shd,runtime
0.0055152108862774885,0,400.8572585582733
0.005515210447931778,0,390.34290838241577
